{
  "Component.js.map": 1768993817550,
  "ext/fragment/Workflow.js": 1768992723853,
  "ext/fragment/Comments.js": 1768992723853,
  "ext/fragment/Attach.js": 1768992723853,
  "ext/controller/Rate.js": 1768992723853,
  "manifest.json": 1768992723853,
  "Component.js": 1768992723853,
  "ext/fragment/Comments-dbg.js": 1768992723853,
  "ext/fragment/Comments.js.map": 1768993817561,
  "ext/fragment/Workflow-dbg.js": 1768992723853,
  "ext/fragment/Workflow.js.map": 1768993817548,
  "ext/fragment/Attach-dbg.js": 1768992723853,
  "ext/fragment/Attach.js.map": 1768993817557,
  "ext/controller/Rate-dbg.js": 1768992723853,
  "ext/controller/Rate.js.map": 1768993817556,
  "Component-dbg.js": 1768992723853,
  "i18n/i18n.properties": 1768993655354,
  "Component-preload.js": 1768993817663,
  "Component-preload.js.map": 1768993817663,
  "ext/fragment/Workflow.fragment.xml": 1768992723853,
  "ext/fragment/Comments.fragment.xml": 1768992723853,
  "ext/fragment/Attach.fragment.xml": 1768992723853,
  "css/style.css": 1768992723853,
  "index.html": 1768992723853
}